,var,r1,lci1,uci1,p1,r2,lci2,uci2,p2,text1,ptext,text2
FishID,GULD_dist.mod.rpt,0.472903411,0.278088079,0.634646268,5.18E-06,0.529579955,0.301582803,0.730881875,5.30E-12,"0.47 [0.28, 0.63] (P < 0.001)",P < 0.001),"0.53 [0.3, 0.73] (P < 0.001)"
FishID1,GULD_avespeed_mob.mod.rpt,0.239672763,0.016418235,0.433787094,0.009683868,0.335214454,0.116651862,0.523574186,1.21E-06,"0.24 [0.02, 0.43] (P = 0.0097)",P = 0.0097),"0.34 [0.12, 0.52] (P < 0.001)"
FishID2,GULD_timefrozen_tot.mod.rpt,0.452636883,0.23421474,0.650067931,2.03E-05,0.497114506,0.271869472,0.691490293,2.63E-11,"0.45 [0.23, 0.65] (P < 0.001)",P < 0.001),"0.5 [0.27, 0.69] (P < 0.001)"
FishID3,GULD_centrescore.mod.rpt,0.388122774,0.149554507,0.535469274,0.000199758,0.373991266,0.162330551,0.536747641,9.20E-05,"0.39 [0.15, 0.54] (P < 0.001)",P < 0.001),"0.37 [0.16, 0.54] (P < 0.001)"
FishID4,GULD_emergelat.bin.mod.rpt,0.710855453,0.358180395,0.8572642,4.40E-08,0.71102372,0.341699331,0.833916614,4.40E-08,"0.71 [0.36, 0.86] (P < 0.001)",P < 0.001),"0.71 [0.34, 0.83] (P < 0.001)"
FishID5,GULD_endpointlat.bin.mod.rpt,0.57509226,0.182958378,0.743804541,7.58E-06,0.584356066,0.22192193,0.776305297,6.21E-06,"0.58 [0.18, 0.74] (P < 0.001)",P < 0.001),"0.58 [0.22, 0.78] (P < 0.001)"
