"source","Meand15N","SDd15N","Meand13C","SDd13C","n"
"P01",6.94494444466667,0.812912242833627,-15.98427778,0.589632684318209,6
"P02",5.41211111133333,0.51385529006047,-13.85927778,0.843985506495597,6
"P03",8.93261111133333,0.435410156806945,-14.55727778,0.618277190734988,3
"P04",4.926277778,1.06102727116922,-14.6909444466667,0.713074900159838,6
"P05",11.941083335,0.427416665,-18.978333335,0.580833334999999,3
